{"cameraMode":{"drawMode":0,"name":"Shaded","section":"Shading Mode"},"sceneLighting":false,"audioPlay":false,"sceneViewState":{"showFog":true,"showMaterialUpdate":false,"showSkybox":true,"showFlares":true,"showImageEffects":true,"showParticleSystems":true},"in2DMode":false,"pivot":{"x":530.6998291015625,"y":213.10279846191407,"z":224.73681640625},"rotation":{"x":-0.009000616148114205,"y":-0.0030108720529824497,"z":0.00026762185734696686,"w":-1.0000152587890626},"size":2514.98681640625,"orthographic":false}